filename,nwords,MLS,MLT,MLC,C_S,VP_T,C_T,DC_C,DC_T,T_S,CT_T,CP_T,CP_C,CN_T,CN_C,nwords,poss_all_nominal_deps_struct,vmod_all_nominal_deps_struct,det_all_nominal_deps_NN_struct,amod_all_nominal_deps_NN_struct,prep_all_nominal_deps_NN_struct,nn_all_nominal_deps_NN_struct,rcmod_all_nominal_deps_NN_struct,nwords,advcl_per_cl,ccomp_per_cl,CRFNO1,CRFAO1,CRFSO1,CRFCWO1,LSASS1,LSAGN,CNCCaus,CNCLogic,CNCTemp,RDFRE,RDFKGL,RDL2
\\mac\home\desktop\语料处理+代码\taassc_input_human_short\human_135,171,24.42857143,24.42857143,14.25,1.714285714,2.0,1.714285714,0.416666667,0.714285714,1.0,0.571428571,1.142857143,0.666666667,3.428571429,2.0,171,0.0357142857143,0.0178571428571,0.178571429,0.303571429,0.267857143,0.142857143,0.0178571428571,171,0.0,0.0666666666667,0.85699999332428,0.85699999332428,0.85699999332428,0.0860000029206276,0.259999990463257,0.287000000476837,25.0,35.0,25.0,31.2950000762939,15.1049995422363,7.09999990463257
\\mac\home\desktop\语料处理+代码\taassc_input_human_short\human_121,118,29.5,29.5,13.11111111,2.25,3.25,2.25,0.555555556,1.25,1.0,0.75,0.75,0.333333333,5.75,2.555555556,118,0.0540540540541,0.027027027,0.277777778,0.472222222,0.333333333,0.111111111,0.0833333333333,118,0.0,0.0666666666667,0.833000004291534,1.0,1.0,0.194000005722046,0.488999992609024,0.391000002622604,10.1009998321533,15.1520004272461,10.1009998321533,38.3660011291504,14.9350004196167,14.8979997634888
\\mac\home\desktop\语料处理+代码\taassc_input_human_short\human_109,184,26.28571429,26.28571429,15.33333333,1.714285714,2.571428571,1.714285714,0.416666667,0.714285714,1.0,0.571428571,1.0,0.583333333,4.714285714,2.75,184,0.0,0.037037037,0.288461538,0.442307692,0.25,0.269230769,0.0384615384615,184,0.105263158,0.157894737,0.666999995708466,0.666999995708466,0.833000004291534,0.10700000077486,0.47299998998642,0.391000002622604,14.7779998779297,4.92600011825562,0.0,10.7379999160767,18.9659996032715,6.96600008010864
\\mac\home\desktop\语料处理+代码\taassc_input_human_short\human_041,186,31.0,31.0,26.57142857,1.166666667,2.333333333,1.166666667,0.142857143,0.166666667,1.0,0.166666667,0.833333333,0.714285714,4.333333333,3.714285714,186,0.0392156862745,0.0588235294118,0.367346939,0.244897959,0.367346939,0.285714286,0.0204081632653,186,0.0555555555556,0.0,0.666999995708466,0.666999995708466,0.666999995708466,0.136000007390976,0.384999990463257,0.328999996185303,33.6539993286133,28.8460006713867,9.61499977111816,13.1429996490479,18.8080005645752,11.0749998092651
\\mac\home\desktop\语料处理+代码\taassc_input_human_short\human_055,174,29.0,24.85714286,19.33333333,1.5,2.0,1.285714286,0.333333333,0.428571429,1.166666667,0.428571429,1.857142857,1.444444444,3.428571429,2.666666667,174,0.0192307692308,0.0576923076923,0.145833333,0.416666667,0.375,0.166666667,0.0,174,0.0666666666667,0.266666667,0.5,0.666999995708466,0.833000004291534,0.0549999997019768,0.254000008106232,0.30799999833107,20.6189994812012,51.5460014343262,20.6189994812012,20.8419990539551,17.2369995117188,6.76300001144409
\\mac\home\desktop\语料处理+代码\taassc_input_human_short\human_069,184,26.28571429,23.0,15.33333333,1.714285714,1.75,1.5,0.25,0.375,1.142857143,0.25,1.0,0.666666667,4.0,2.666666667,184,0.0178571428571,0.0,0.37037037,0.407407407,0.37037037,0.166666667,0.037037037,184,0.0,0.133333333,0.777999997138977,0.888999998569489,0.888999998569489,0.229000002145767,0.24600000679493,0.294999986886978,21.5049991607666,26.8819999694824,16.128999710083,20.617000579834,15.003999710083,15.2180004119873
\\mac\home\desktop\语料处理+代码\taassc_input_human_short\human_082,184,26.28571429,23.0,15.33333333,1.714285714,1.75,1.5,0.25,0.375,1.142857143,0.25,1.0,0.666666667,4.0,2.666666667,184,0.0178571428571,0.0,0.37037037,0.407407407,0.37037037,0.166666667,0.037037037,184,0.0,0.133333333,0.666999995708466,0.833000004291534,0.833000004291534,0.112000003457069,0.375999987125397,0.331000000238419,16.0429992675781,21.3899993896484,21.3899993896484,20.5030002593994,17.0359992980957,8.4040002822876
\\mac\home\desktop\语料处理+代码\taassc_input_human_short\human_096,181,25.85714286,22.625,20.11111111,1.285714286,1.875,1.125,0.0,0.0,1.142857143,0.0,1.25,1.111111111,2.5,2.222222222,181,0.1,0.05,0.131578947,0.368421053,0.210526316,0.526315789,0.0,181,0.0526315789474,0.105263158,0.71399998664856,0.71399998664856,1.0,0.135000005364418,0.331999987363815,0.361999988555908,26.4549999237061,37.0369987487793,5.29099988937378,23.9769992828369,15.7840003967285,8.98299980163574
\\mac\home\desktop\语料处理+代码\taassc_input_human_short\human_097,172,34.4,34.4,14.33333333,2.4,3.8,2.4,0.666666667,1.6,1.0,0.8,1.0,0.416666667,5.4,2.25,172,0.04,0.06,0.25,0.416666667,0.208333333,0.1875,0.0625,172,0.0952380952381,0.238095238,0.5,0.75,0.75,0.111000001430511,0.342000007629395,0.272000014781952,15.1520004272461,7.57600021362305,15.1520004272461,5.08599996566772,19.1079998016357,0.165000006556511
\\mac\home\desktop\语料处理+代码\taassc_input_human_short\human_083,121,20.16666667,20.16666667,13.44444444,1.5,2.0,1.5,0.333333333,0.5,1.0,0.5,0.5,0.333333333,3.833333333,2.555555556,121,0.0789473684211,0.0526315789474,0.257142857,0.485714286,0.285714286,0.0571428571429,0.0571428571429,121,0.0,0.0,1.0,1.0,1.0,0.163000002503395,0.395000010728836,0.324999988079071,10.2040004730225,30.6119995117188,25.5100002288818,5.74599981307983,19.4139995574951,11.8970003128052
\\mac\home\desktop\语料处理+代码\taassc_input_human_short\human_068,110,55.0,27.5,27.5,2.0,2.25,1.0,0.25,0.25,2.0,0.5,1.0,1.0,4.75,4.75,110,0.0,0.0285714285714,0.235294118,0.382352941,0.411764706,0.117647059,0.0294117647059,110,0.0,0.0,0.600000023841858,0.800000011920929,0.800000011920929,0.123000003397465,0.19200000166893,0.212999999523163,20.0,15.0,5.0,16.9150009155273,19.1809997558594,8.07299995422363
\\mac\home\desktop\语料处理+代码\taassc_input_human_short\human_054,177,29.5,25.28571429,13.61538462,2.166666667,2.428571429,1.857142857,0.461538462,0.857142857,1.166666667,0.571428571,0.714285714,0.384615385,4.428571429,2.384615385,177,0.0,0.0188679245283,0.235294118,0.37254902,0.333333333,0.176470588,0.0392156862745,177,0.117647059,0.0588235294118,0.666999995708466,0.666999995708466,0.666999995708466,0.13400000333786,0.254999995231628,0.287000000476837,29.7029991149902,39.6040000915527,19.8020000457764,20.5160007476807,15.4160003662109,11.8000001907349
\\mac\home\desktop\语料处理+代码\taassc_input_human_short\human_040,172,43.0,34.4,17.2,2.5,3.8,2.0,0.5,1.0,1.25,0.6,1.6,0.8,4.8,2.4,172,0.0655737704918,0.0,0.285714286,0.214285714,0.303571429,0.232142857,0.0714285714286,172,0.0,0.0,1.0,1.0,1.0,0.331999987363815,0.531000018119812,0.395999997854233,11.9049997329712,29.761999130249,17.8570003509521,14.289999961853,17.2280006408691,18.4740009307861
\\mac\home\desktop\语料处理+代码\taassc_input_human_short\human_108,180,25.71428571,22.5,16.36363636,1.571428571,2.5,1.375,0.272727273,0.375,1.142857143,0.25,0.875,0.636363636,3.875,2.818181818,180,0.0555555555556,0.0,0.254901961,0.352941176,0.392156863,0.176470588,0.0392156862745,180,0.0,0.047619048,0.570999979972839,0.570999979972839,0.570999979972839,0.0540000014007092,0.152999997138977,0.294999986886978,11.9759998321533,35.9280014038086,5.98799991607666,0.0,18.9829998016357,0.006000000052154
\\mac\home\desktop\语料处理+代码\taassc_input_human_short\human_120,161,26.83333333,26.83333333,12.38461538,2.166666667,3.333333333,2.166666667,0.538461538,1.166666667,1.0,0.666666667,0.833333333,0.384615385,3.666666667,1.692307692,161,0.142857143,0.0238095238095,0.275,0.225,0.275,0.1,0.025,161,0.0869565217391,0.173913043,1.0,1.0,1.0,0.19200000166893,0.586000025272369,0.384999990463257,12.5790004730225,12.5790004730225,0.0,11.7030000686646,19.5270004272461,5.49499988555908
\\mac\home\desktop\语料处理+代码\taassc_input_human_short\human_134,169,28.16666667,28.16666667,18.77777778,1.5,2.833333333,1.5,0.333333333,0.5,1.0,0.5,1.166666667,0.777777778,4.0,2.666666667,169,0.0833333333333,0.0333333333333,0.228070175,0.175438596,0.473684211,0.263157895,0.0350877192982,169,0.0,0.047619048,0.800000011920929,0.800000011920929,0.800000011920929,0.0799999982118607,0.238999992609024,0.250999987125397,21.8579998016357,21.8579998016357,10.9289999008179,2.02500009536743,20.5540008544922,6.43499994277954
\\mac\home\desktop\语料处理+代码\taassc_input_human_short\human_122,108,18.0,18.0,12.0,1.5,1.5,1.5,0.333333333,0.5,1.0,0.5,0.666666667,0.444444444,2.666666667,1.777777778,108,0.0277777777778,0.0,0.352941176,0.205882353,0.441176471,0.117647059,0.0588235294118,108,0.0,0.111111111,0.666999995708466,0.833000004291534,0.666999995708466,0.105999998748302,0.272000014781952,0.272000014781952,35.0,30.0,5.0,20.0559997558594,17.5599994659424,5.79500007629395
\\mac\home\desktop\语料处理+代码\taassc_input_human_short\human_136,174,24.85714286,24.85714286,17.4,1.428571429,2.142857143,1.428571429,0.3,0.428571429,1.0,0.428571429,0.571428571,0.4,4.142857143,2.9,174,0.0,0.0,0.422222222,0.555555556,0.355555556,0.0666666666667,0.0444444444444,174,0.0588235294118,0.0,0.666999995708466,0.833000004291534,0.833000004291534,0.145999997854233,0.398000001907349,0.303000003099442,6.66699981689453,0.0,0.0,0.657000005245209,18.4909992218018,10.4580001831055
\\mac\home\desktop\语料处理+代码\taassc_input_human_short\human_056,181,25.85714286,20.11111111,13.92307692,1.857142857,2.0,1.444444444,0.384615385,0.555555556,1.285714286,0.444444444,0.444444444,0.307692308,3.555555556,2.461538462,181,0.0185185185185,0.037037037,0.307692308,0.384615385,0.25,0.307692308,0.0384615384615,181,0.0,0.238095238,1.0,1.0,1.0,0.317999988794327,0.490000009536743,0.310999989509583,35.5330009460449,25.3810005187988,10.1520004272461,17.863000869751,20.5559997558594,14.7390003204346
\\mac\home\desktop\语料处理+代码\taassc_input_human_short\human_042,127,42.33333333,63.5,25.4,1.666666667,4.0,2.5,0.6,1.5,0.666666667,1.0,3.0,1.2,9.5,3.8,127,0.0666666666667,0.0333333333333,0.310344828,0.448275862,0.24137931,0.172413793,0.0344827586207,127,0.0909090909091,0.0909090909091,0.600000023841858,0.800000011920929,1.0,0.108000002801418,0.360000014305115,0.310000002384186,10.0,20.0,25.0,8.45499992370605,20.3610000610352,5.28900003433228
\\mac\home\desktop\语料处理+代码\taassc_input_human_short\human_095,181,36.2,36.2,20.11111111,1.8,4.0,1.8,0.222222222,0.4,1.0,0.4,0.8,0.444444444,6.6,3.666666667,181,0.0392156862745,0.078431373,0.34,0.68,0.4,0.16,0.02,181,0.0,0.210526316,0.833000004291534,0.833000004291534,0.833000004291534,0.101000003516674,0.389999985694885,0.32600000500679,45.0,40.0,10.0,0.0,20.5690002441406,2.65499997138977
\\mac\home\desktop\语料处理+代码\taassc_input_human_short\human_081,162,40.5,40.5,18.0,2.25,2.75,2.25,0.555555556,1.25,1.0,0.75,2.75,1.222222222,5.75,2.555555556,162,0.0232558139535,0.0232558139535,0.209302326,0.418604651,0.279069767,0.0697674418605,0.093023256,162,0.0625,0.125,1.0,1.0,1.0,0.155000001192093,0.228000000119209,0.252000004053116,32.9669990539551,21.9780006408691,16.4839992523193,14.2919998168945,18.8010005950928,10.5109996795654
\\mac\home\desktop\语料处理+代码\taassc_input_human_short\human_080,164,27.33333333,27.33333333,18.22222222,1.5,2.666666667,1.5,0.444444444,0.666666667,1.0,0.5,0.5,0.333333333,4.166666667,2.777777778,164,0.0588235294118,0.0392156862745,0.382978723,0.29787234,0.446808511,0.063829787,0.0425531914894,164,0.0,0.111111111,0.5,0.5,0.5,0.0769999995827675,0.238999992609024,0.254000008106232,33.148998260498,38.673999786377,27.6240005493164,20.2730007171631,16.8549995422363,7.29699993133545
\\mac\home\desktop\语料处理+代码\taassc_input_human_short\human_094,137,17.125,17.125,10.53846154,1.625,1.875,1.625,0.384615385,0.625,1.0,0.375,0.5,0.307692308,2.75,1.692307692,137,0.0,0.0526315789474,0.27027027,0.459459459,0.162162162,0.108108108,0.027027027,137,0.0588235294118,0.117647059,0.570999979972839,0.85699999332428,0.71399998664856,0.138999998569489,0.321999996900558,0.324999988079071,15.7069997787476,26.1779995,20.9419994354248,18.3090000152588,16.636999130249,7.59100008010864
\\mac\home\desktop\语料处理+代码\taassc_input_human_short\human_043,167,33.4,33.4,20.875,1.6,2.8,1.6,0.375,0.6,1.0,0.6,1.0,0.625,5.2,3.25,167,0.0,0.0181818181818,0.469387755,0.346938776,0.408163265,0.102040816,0.0408163265306,167,0.0,0.0555555555556,1.0,1.0,1.0,0.178000003099442,0.470999985933304,0.372000008821487,31.0559997558594,43.4780006408691,6.21099996566772,7.77699995040894,18.8409996032715,13.2279996871948
\\mac\home\desktop\语料处理+代码\taassc_input_human_short\human_057,155,31.0,31.0,14.09090909,2.2,3.2,2.2,0.545454545,1.2,1.0,0.8,0.6,0.272727273,6.4,2.909090909,155,0.0,0.0,0.431818182,0.431818182,0.363636364,0.0454545454545,0.0454545454545,155,0.0588235294118,0.176470588,1.0,1.0,1.0,0.28999999165535,0.395999997854233,0.328000009059906,28.9860000610352,28.9860000610352,4.83099985122681,0.0,21.0289993286133,15.5629997253418
\\mac\home\desktop\语料处理+代码\taassc_input_human_short\human_137,188,31.33333333,31.33333333,26.85714286,1.166666667,1.833333333,1.166666667,0.142857143,0.166666667,1.0,0.166666667,1.833333333,1.571428571,5.0,4.285714286,188,0.0185185185185,0.0185185185185,0.307692308,0.365384615,0.423076923,0.115384615,0.0,188,0.0,0.1875,1.0,1.0,1.0,0.175999999046326,0.524999976158142,0.372999995946884,15.3059997558594,20.4080009460449,10.2040004730225,4.47800016403198,20.75,4.91499996185303
\\mac\home\desktop\语料处理+代码\taassc_input_human_short\human_123,168,28.0,24.0,15.27272727,1.833333333,2.857142857,1.571428571,0.363636364,0.571428571,1.166666667,0.714285714,1.0,0.636363636,3.714285714,2.363636364,168,0.1,0.04,0.288888889,0.488888889,0.2,0.177777778,0.0444444444444,168,0.173913043,0.0869565217391,1.0,1.0,1.0,0.211999997496605,0.418999999761581,0.370999991893768,11.1110000610352,22.2220001220703,27.7779998779297,3.58299994468689,19.1480007171631,12.7919998168945
\\mac\home\desktop\语料处理+代码\taassc_input_human_short\human_127,182,30.33333333,26.0,16.54545455,1.833333333,2.571428571,1.571428571,0.545454545,0.857142857,1.166666667,0.714285714,1.0,0.636363636,3.428571429,2.181818182,182,0.0714285714286,0.0,0.375,0.475,0.15,0.275,0.1,182,0.0,0.0526315789474,0.400000005960464,0.400000005960464,0.600000023841858,0.0599999986588955,0.361999988555908,0.270000010728836,23.5289993286133,17.6469993591309,11.7650003433228,0.0,20.3110008239746,1.77499997615814
\\mac\home\desktop\语料处理+代码\taassc_input_human_short\human_133,161,32.2,32.2,20.125,1.6,2.0,1.6,0.375,0.6,1.0,0.6,2.2,1.375,5.6,3.5,161,0.0833333333333,0.0208333333333,0.212765957,0.446808511,0.468085106,0.276595745,0.0,161,0.0,0.384615385,0.888999998569489,1.0,1.0,0.331999987363815,0.504999995231628,0.439999997615814,0.0,19.4169998168945,29.1259994506836,38.890998840332,12.9519996643066,16.8349990844727
\\mac\home\desktop\语料处理+代码\taassc_input_human_short\human_053,146,36.5,36.5,24.33333333,1.5,3.25,1.5,0.333333333,0.5,1.0,0.5,0.75,0.5,5.5,3.666666667,146,0.0294117647059,0.0882352941176,0.352941176,0.794117647,0.235294118,0.176470588,0.0294117647059,146,0.142857143,0.0,0.800000011920929,0.800000011920929,0.800000011920929,0.120999999344349,0.36599999666214,0.29899999499321,19.7369995117188,26.3159999847412,19.7369995117188,0.0,19.6720008850098,5.26300001144409
\\mac\home\desktop\语料处理+代码\taassc_input_human_short\human_047,170,18.88888889,18.88888889,15.45454545,1.222222222,2.0,1.222222222,0.363636364,0.444444444,1.0,0.444444444,0.666666667,0.545454545,3.555555556,2.909090909,170,0.0,0.0,0.355555556,0.555555556,0.266666667,0.133333333,0.0444444444444,170,0.0555555555556,0.111111111,0.888999998569489,0.888999998569489,0.888999998569489,0.151999995112419,0.418000012636185,0.368999987840652,16.0769996643066,16.0769996643066,16.0769996643066,21.5499992370605,17.9799995422363,11.3620004653931
\\mac\home\desktop\语料处理+代码\taassc_input_human_short\human_090,168,33.6,24.0,21.0,1.6,1.285714286,1.142857143,0.125,0.142857143,1.4,0.142857143,1.142857143,1.0,4.571428571,4.0,168,0.08,0.06,0.270833333,0.458333333,0.375,0.25,0.0,168,0.0,0.357142857,0.600000023841858,0.600000023841858,1.0,0.130999997258186,0.316000014543533,0.279000014066696,27.5860004425049,20.6900005340576,13.7930002212524,21.3120002746582,16.2910003662109,11.0950002670288
\\mac\home\desktop\语料处理+代码\taassc_input_human_short\human_084,202,22.44444444,22.44444444,14.42857143,1.555555556,2.777777778,1.555555556,0.357142857,0.555555556,1.0,0.444444444,0.444444444,0.285714286,3.333333333,2.142857143,202,0.0508474576271,0.0338983050847,0.315789474,0.473684211,0.157894737,0.175438596,0.0701754385965,202,0.0333333333333,0.0,1.0,1.0,1.0,0.185000002384186,0.493000000715256,0.412000000476837,5.07600021362305,10.1520004272461,5.07600021362305,21.8470001220703,15.6499996185303,12.5520000457764
\\mac\home\desktop\语料处理+代码\taassc_input_human_short\human_085,197,21.88888889,21.88888889,16.41666667,1.333333333,2.111111111,1.333333333,0.333333333,0.444444444,1.0,0.222222222,0.555555556,0.416666667,3.888888889,2.916666667,197,0.0,0.0,0.464285714,0.375,0.375,0.0714285714286,0.0,197,0.157894737,0.157894737,0.28600001335144,0.428999990224838,0.28600001335144,0.0599999986588955,0.230000004172325,0.256000012159348,23.3920001983643,29.2399997711182,11.6960000991821,16.4470005,16.2749996185303,2.33599996566772
\\mac\home\desktop\语料处理+代码\taassc_input_human_short\human_091,201,22.33333333,18.27272727,11.16666667,2.0,1.727272727,1.636363636,0.388888889,0.636363636,1.222222222,0.636363636,0.545454545,0.333333333,2.272727273,1.388888889,201,0.0526315789474,0.0175438596491,0.444444444,0.240740741,0.296296296,0.259259259,0.0740740740741,201,0.0,0.136363636,0.625,0.75,0.75,0.0879999995231628,0.312000006437302,0.279000014066696,40.0,34.2859992980957,17.1429996490479,8.67800045013428,16.878999710083,5.67999982833862
\\mac\home\desktop\语料处理+代码\taassc_input_human_short\human_046,219,31.28571429,31.28571429,18.25,1.714285714,3.0,1.714285714,0.5,0.857142857,1.0,0.714285714,1.142857143,0.666666667,5.142857143,3.0,219,0.185185185,0.0185185185185,0.288461538,0.230769231,0.307692308,0.134615385,0.0576923076923,219,0.125,0.125,0.666999995708466,0.833000004291534,0.833000004291534,0.196999996900558,0.470999985933304,0.352999985218048,14.706000328064,14.706000328064,9.80399990081787,0.0,22.8449993133545,6.80800008773804
\\mac\home\desktop\语料处理+代码\taassc_input_human_short\human_052,165,27.5,27.5,16.5,1.666666667,2.666666667,1.666666667,0.4,0.666666667,1.0,0.666666667,0.666666667,0.4,4.166666667,2.5,165,0.0740740740741,0.0555555555556,0.32,0.16,0.4,0.2,0.0,165,0.0,0.210526316,0.400000005960464,0.600000023841858,0.800000011920929,0.0489999987185001,0.312000006437302,0.275999993085861,16.128999710083,16.128999710083,5.37599992752075,0.0,21.492000579834,0.245000004768372
\\mac\home\desktop\语料处理+代码\taassc_input_human_short\human_132,177,25.28571429,25.28571429,17.7,1.428571429,2.285714286,1.428571429,0.3,0.428571429,1.0,0.428571429,0.857142857,0.6,4.571428571,3.2,177,0.0222222222222,0.0666666666667,0.204545455,0.386363636,0.295454545,0.295454545,0.0,177,0.142857143,0.047619048,0.5,0.600000023841858,0.800000011920929,0.175999999046326,0.337999999523163,0.384999990463257,16.4610004425049,24.6909999847412,12.3459997177124,29.8479995727539,14.5839996337891,14.293999671936
\\mac\home\desktop\语料处理+代码\taassc_input_human_short\human_126,168,24.0,21.0,10.5,2.285714286,2.625,2.0,0.4375,0.875,1.142857143,0.625,0.875,0.4375,4.125,2.0625,168,0.0392156862745,0.0,0.145833333,0.395833333,0.354166667,0.104166667,0.0,168,0.0740740740741,0.148148148,0.71399998664856,0.85699999332428,0.85699999332428,0.208000004291534,0.444999992847443,0.363999992609024,29.7029991149902,24.7520008087158,9.90100002288818,1.93900001049042,19.261999130249,10.6949996948242
\\mac\home\desktop\语料处理+代码\taassc_input_human_short\human_118,211,30.14285714,30.14285714,16.23076923,1.857142857,3.857142857,1.857142857,0.461538462,0.857142857,1.0,0.571428571,0.857142857,0.461538462,4.714285714,2.538461538,211,0.189655172,0.0344827586207,0.280701754,0.333333333,0.122807018,0.0350877192982,0.0526315789474,211,0.0689655172414,0.0689655172414,0.333000004291534,0.555999994277954,0.666999995708466,0.104999996721745,0.284999996423721,0.328999996185303,34.826000213623,19.8999996185303,0.0,31.1079998016357,13.9139995574951,5.94500017166138
\\mac\home\desktop\语料处理+代码\taassc_input_human_short\human_130,203,33.83333333,25.375,14.5,2.333333333,2.375,1.75,0.357142857,0.625,1.333333333,0.5,1.25,0.714285714,3.875,2.214285714,203,0.0526315789474,0.0175438596491,0.192982456,0.438596491,0.263157895,0.210526316,0.0701754385965,203,0.04,0.04,0.25,0.625,0.75,0.0890000015497208,0.254999995231628,0.298000007867813,0.0,11.298999786377,11.298999786377,30.617000579834,13.875,3.53200006484985
\\mac\home\desktop\语料处理+代码\taassc_input_human_short\human_124,161,26.83333333,26.83333333,17.88888889,1.5,2.166666667,1.5,0.333333333,0.5,1.0,0.5,1.0,0.666666667,4.5,3.0,161,0.0,0.0833333333333,0.319148936,0.340425532,0.276595745,0.255319149,0.0212765957447,161,0.0,0.05,0.666999995708466,0.666999995708466,0.666999995708466,0.0659999996423721,0.266000002622604,0.252999991178513,27.4729995727539,16.4839992523193,16.4839992523193,30.2800006866455,15.4949998855591,3.98300004005432
\\mac\home\desktop\语料处理+代码\taassc_input_human_short\human_078,193,27.57142857,27.57142857,19.3,1.428571429,2.285714286,1.428571429,0.4,0.571428571,1.0,0.428571429,1.0,0.7,3.714285714,2.6,193,0.0576923076923,0.0576923076923,0.428571429,0.244897959,0.326530612,0.204081633,0.0,193,0.0,0.294117647,0.428999990224838,0.71399998664856,1.0,0.112999998033047,0.352999985218048,0.291999995708466,50.2509994506836,30.1509990692139,25.1259994506836,30.6599998474121,15.1619997024536,8.62399959564209
\\mac\home\desktop\语料处理+代码\taassc_input_human_short\human_044,152,25.33333333,21.71428571,21.71428571,1.166666667,2.142857143,1.0,0.142857143,0.142857143,1.166666667,0.142857143,0.714285714,0.714285714,3.0,3.0,152,0.0454545454545,0.0227272727273,0.340909091,0.272727273,0.454545455,0.409090909,0.0,152,0.0,0.111111111,0.5,0.666999995708466,0.833000004291534,0.0799999982118607,0.222000002861023,0.284999996423721,25.9069995880127,10.3629999160767,10.3629999160767,36.3839988708496,15.0340003967285,6.18100023269653
\\mac\home\desktop\语料处理+代码\taassc_input_human_short\human_050,205,29.28571429,34.16666667,18.63636364,1.571428571,3.166666667,1.833333333,0.454545455,0.833333333,0.857142857,0.666666667,2.0,1.090909091,6.0,3.272727273,205,0.0,0.0847457627119,0.237288136,0.389830508,0.338983051,0.338983051,0.0338983050847,205,0.0869565217391,0.0,0.600000023841858,0.600000023841858,0.600000023841858,0.090999998152256,0.340999990701675,0.280000001192093,19.1079998016357,0.0,12.7390003204346,15.8979997634888,17.5429992675781,7.16699981689453
\\mac\home\desktop\语料处理+代码\taassc_input_human_short\human_087,311,31.1,34.55555556,23.92307692,1.3,1.888888889,1.444444444,0.307692308,0.444444444,0.9,0.333333333,1.222222222,0.846153846,5.0,3.461538462,311,0.1,0.025,0.246753247,0.324675325,0.350649351,0.246753247,0.038961039,311,0.047619048,0.0,0.75,1.0,1.0,0.210999995470047,0.442999988794327,0.32600000500679,16.9489994049072,45.1980018615723,22.5990009307861,24.6310005187988,18.6180000305176,10.335000038147
\\mac\home\desktop\语料处理+代码\taassc_input_human_short\human_093,189,23.625,23.625,14.53846154,1.625,3.25,1.625,0.307692308,0.5,1.0,0.375,0.375,0.230769231,4.25,2.615384615,189,0.0175438596491,0.105263158,0.240740741,0.37037037,0.203703704,0.277777778,0.037037037,189,0.0,0.0714285714286,0.428999990224838,0.71399998664856,0.71399998664856,0.101999998092651,0.33500000834465,0.347000002861023,23.6690006256104,23.6690006256104,23.6690006256104,24.2299995422363,15.1280002593994,3.0239999294281
\\mac\home\desktop\语料处理+代码\taassc_input_human_short\human_092,175,29.16666667,29.16666667,19.44444444,1.5,2.0,1.5,0.333333333,0.5,1.0,0.333333333,1.833333333,1.222222222,5.0,3.333333333,175,0.0652173913043,0.0217391304348,0.292682927,0.536585366,0.390243902,0.195121951,0.0,175,0.0666666666667,0.0666666666667,0.71399998664856,0.71399998664856,0.85699999332428,0.153999999165535,0.391999989748001,0.36599999666214,35.1759986877441,30.1509990692139,20.1009998321533,8.1569995880127,18.3010005950928,9.27799987792969
\\mac\home\desktop\语料处理+代码\taassc_input_human_short\human_086,158,26.33333333,26.33333333,14.36363636,1.833333333,2.666666667,1.833333333,0.454545455,0.833333333,1.0,0.666666667,0.333333333,0.181818182,5.5,3.0,158,0.06,0.04,0.354166667,0.416666667,0.4375,0.125,0.0208333333333,158,0.0555555555556,0.333333333,0.75,0.75,1.0,0.140000000596046,0.391999989748001,0.28600001335144,25.2530002593994,40.4039993286133,10.1009998321533,5.1399998664856,22.3799991607666,1.82099997997284
\\mac\home\desktop\语料处理+代码\taassc_input_human_short\human_051,204,20.4,20.4,15.69230769,1.3,2.0,1.3,0.230769231,0.3,1.0,0.3,0.2,0.153846154,3.3,2.538461538,204,0.0,0.0535714285714,0.418181818,0.363636364,0.381818182,0.363636364,0.0,204,0.047619048,0.0,0.555999994277954,0.555999994277954,0.777999997138977,0.0719999969005585,0.272000014781952,0.28099998831749,34.4830017089844,34.4830017089844,14.7779998779297,14.4930000305176,16.2810001373291,2.53999996185303
\\mac\home\desktop\语料处理+代码\taassc_input_human_short\human_045,185,30.83333333,30.83333333,18.5,1.666666667,2.333333333,1.666666667,0.4,0.666666667,1.0,0.5,1.166666667,0.7,6.333333333,3.8,185,0.0545454545455,0.0181818181818,0.333333333,0.611111111,0.37037037,0.203703704,0.037037037,185,0.0,0.176470588,0.800000011920929,1.0,1.0,0.0710000023245811,0.30799999833107,0.305999994277954,19.7369995117188,32.8950004577637,13.1579999923706,8.02999973297119,18.4330005645752,4.15000009536743
\\mac\home\desktop\语料处理+代码\taassc_input_human_short\human_079,154,25.66666667,25.66666667,19.25,1.333333333,1.833333333,1.333333333,0.375,0.5,1.0,0.5,1.166666667,0.875,4.333333333,3.25,154,0.075,0.075,0.4,0.55,0.45,0.325,0.0,154,0.0,0.235294118,0.625,0.625,0.75,0.0740000009536743,0.381999999284744,0.328999996185303,30.3029995,35.3540000915527,20.2019996643066,14.8819999694824,16.6490001678467,5.81199979782104
\\mac\home\desktop\语料处理+代码\taassc_input_human_short\human_125,202,20.2,20.2,13.46666667,1.5,2.0,1.5,0.333333333,0.5,1.0,0.4,0.7,0.466666667,3.4,2.266666667,202,0.115384615,0.0,0.224489796,0.346938776,0.346938776,0.163265306,0.0,202,0.0,0.210526316,1.0,1.0,1.0,0.168999999761581,0.347000002861023,0.314999997615814,28.3689994812012,35.4609985351563,14.1840000152588,9.55300045013428,17.7649993896484,13.5369997024536
\\mac\home\desktop\语料处理+代码\taassc_input_human_short\human_131,196,28.0,28.0,15.07692308,1.857142857,2.285714286,1.857142857,0.461538462,0.857142857,1.0,0.285714286,1.142857143,0.615384615,3.857142857,2.076923077,196,0.0384615384615,0.0769230769231,0.294117647,0.333333333,0.235294118,0.0980392156863,0.0392156862745,196,0.0909090909091,0.0909090909091,0.400000005960464,0.5,0.699999988079071,0.0560000017285347,0.261000007390976,0.333999991416931,24.3059997558594,34.7220001220703,27.7779998779297,38.0480003356934,14.4569997787476,4.01800012588501
\\mac\home\desktop\语料处理+代码\taassc_input_human_short\human_119,201,40.2,33.5,22.33333333,1.8,2.333333333,1.5,0.222222222,0.333333333,1.2,0.333333333,1.166666667,0.777777778,4.5,3.0,201,0.0,0.0,0.522727273,0.5,0.272727273,0.431818182,0.0681818181818,201,0.0666666666667,0.0,0.625,0.625,0.75,0.0820000022649765,0.328999996185303,0.352999985218048,27.3220005,43.7159996032715,16.3929996490479,16.5739994049072,15.9989995956421,2.55200004577637
\\mac\home\desktop\语料处理+代码\taassc_input_human_short\human_142,208,29.71428571,29.71428571,16.0,1.857142857,3.285714286,1.857142857,0.461538462,0.857142857,1.0,0.571428571,1.285714286,0.692307692,5.142857143,2.769230769,208,0.0151515151515,0.03030303,0.283333333,0.483333333,0.283333333,0.183333333,0.05,208,0.0,0.0434782608696,0.625,0.625,0.625,0.138999998569489,0.28099998831749,0.333000004291534,34.9339981079102,26.201000213623,13.1000003814697,35.0740013122559,14.6879997253418,13.1520004272461
\\mac\home\desktop\语料处理+代码\taassc_input_human_short\human_022,201,25.125,25.125,25.125,1.0,2.375,1.0,0.125,0.125,1.0,0.125,0.5,0.5,4.75,4.75,201,0.0350877192982,0.105263158,0.410714286,0.285714286,0.303571429,0.214285714,0.0,201,0.115384615,0.0,1.0,1.0,1.0,0.0989999994635582,0.24099999666214,0.204999998211861,25.4780006408691,25.4780006408691,19.1079998016357,5.32600021362305,22.2670001983643,6.375
\\mac\home\desktop\语料处理+代码\taassc_input_human_short\human_036,200,25.0,25.0,14.28571429,1.75,2.625,1.75,0.428571429,0.75,1.0,0.5,0.75,0.428571429,4.875,2.785714286,200,0.0754716981132,0.0943396226415,0.288461538,0.519230769,0.230769231,0.25,0.0384615384615,200,0.08,0.24,0.875,1.0,1.0,0.156000003218651,0.221000000834465,0.310999989509583,20.2019996643066,15.1520004272461,5.05100011825562,29.4330005645752,14.6190004348755,11.5179996490479
\\mac\home\desktop\语料处理+代码\taassc_input_human_short\human_037,213,42.6,30.42857143,19.36363636,2.2,1.571428571,1.571428571,0.363636364,0.571428571,1.4,0.571428571,1.714285714,1.090909091,5.142857143,3.272727273,213,0.0,0.051724138,0.275862069,0.413793103,0.413793103,0.137931034,0.0172413793103,213,0.0,0.166666667,1.0,1.0,1.0,0.215000003576279,0.398000001907349,0.32600000500679,18.8680000305176,14.1510000228882,28.3020000457764,23.6459999084473,17.4850006103516,11.5139999389648
\\mac\home\desktop\语料处理+代码\taassc_input_human_short\human_023,180,30.0,22.5,22.5,1.333333333,1.5,1.0,0.0,0.0,1.333333333,0.0,0.75,0.75,3.25,3.25,180,0.0454545454545,0.0227272727273,0.409090909,0.477272727,0.340909091,0.136363636,0.0,180,0.0625,0.0,0.600000023841858,0.800000011920929,1.0,0.101999998092651,0.305999994277954,0.300000011920929,24.5400009155273,42.9449996948242,24.5400009155273,16.8290004730225,17.6609992980957,3.57299995422363
\\mac\home\desktop\语料处理+代码\taassc_input_human_short\human_143,183,22.875,22.875,16.63636364,1.375,2.25,1.375,0.272727273,0.375,1.0,0.375,1.625,1.181818182,3.0,2.181818182,183,0.166666667,0.0555555555556,0.169811321,0.245283019,0.245283019,0.188679245,0.0188679245283,183,0.0,0.166666667,0.444000005722046,0.444000005722046,0.444000005722046,0.0799999982118607,0.219999998807907,0.256999999284744,47.9039993286133,29.9400005340576,0.0,18.1469993591309,14.8769998550415,6.26399993896484
\\mac\home\desktop\语料处理+代码\taassc_input_human_short\human_141,245,27.22222222,27.22222222,17.5,1.555555556,2.222222222,1.555555556,0.357142857,0.555555556,1.0,0.333333333,1.0,0.642857143,4.333333333,2.785714286,245,0.0985915492958,0.0140845070423,0.188405797,0.347826087,0.347826087,0.115942029,0.0144927536232,245,0.04,0.08,0.85699999332428,0.85699999332428,0.85699999332428,0.263999998569489,0.46399998664856,0.375999987125397,11.1730003356934,16.7600002288818,22.3460006713867,0.0,21.0900001525879,9.64799976348877
\\mac\home\desktop\语料处理+代码\taassc_input_human_short\human_035,208,29.71428571,29.71428571,16.0,1.857142857,3.571428571,1.857142857,0.461538462,0.857142857,1.0,0.714285714,0.571428571,0.307692308,5.142857143,2.769230769,208,0.0909090909091,0.0454545454545,0.272727273,0.348484848,0.378787879,0.0454545454545,0.0454545454545,208,0.0357142857143,0.0714285714286,0.625,0.75,0.75,0.109999999403954,0.301999986171722,0.307000011205673,10.1520004272461,20.3050003051758,15.2279996871948,12.3719997406006,16.9720001220703,10.918999671936
\\mac\home\desktop\语料处理+代码\taassc_input_human_short\human_021,192,24.0,17.45454545,14.76923077,1.625,1.636363636,1.181818182,0.307692308,0.363636364,1.375,0.272727273,1.090909091,0.923076923,2.090909091,1.769230769,192,0.0925925925926,0.037037037,0.137254902,0.176470588,0.196078431,0.431372549,0.0196078431373,192,0.0,0.0555555555556,0.5,0.5,1.0,0.0579999983310699,0.416000008583069,0.287999987602234,5.58699989318848,11.1730003356934,11.1730003356934,0.0,22.8920001983643,0.538999974727631
\\mac\home\desktop\语料处理+代码\taassc_input_human_short\human_009,192,27.42857143,27.42857143,10.66666667,2.571428571,3.428571429,2.571428571,0.611111111,1.571428571,1.0,1.0,0.142857143,0.0555555555556,5.428571429,2.111111111,192,0.0175438596491,0.0877192982456,0.210526316,0.456140351,0.298245614,0.228070175,0.0526315789474,192,0.1,0.1,1.0,1.0,1.0,0.133000001311302,0.377999991178513,0.282000005245209,29.761999130249,29.761999130249,11.9049997329712,4.03900003433228,21.0429992675781,6.05499982833862
\\mac\home\desktop\语料处理+代码\taassc_input_human_short\human_008,187,20.77777778,20.77777778,15.58333333,1.333333333,1.888888889,1.333333333,0.25,0.333333333,1.0,0.222222222,0.555555556,0.416666667,3.222222222,2.416666667,187,0.148148148,0.0185185185185,0.38,0.48,0.24,0.22,0.0,187,0.142857143,0.142857143,0.5,0.5,0.666999995708466,0.0890000015497208,0.243000000715256,0.291000008583069,0.0,10.9289999008179,16.3929996490479,12.4530000686646,18.0170001983643,1.52999997138977
\\mac\home\desktop\语料处理+代码\taassc_input_human_short\human_020,203,33.83333333,22.55555556,11.27777778,3.0,2.777777778,2.0,0.388888889,0.777777778,1.5,0.777777778,0.777777778,0.388888889,3.777777778,1.888888889,203,0.0350877192982,0.0526315789474,0.375,0.357142857,0.25,0.107142857,0.107142857,203,0.037037037,0.148148148,0.0,0.0,0.5,0.0219999998807907,0.289000004529953,0.185000002384186,24.5900001525879,24.5900001525879,32.7869987487793,0.0,26.1000003814697,0.787999987602234
\\mac\home\desktop\语料处理+代码\taassc_input_human_short\human_034,188,18.8,15.66666667,13.42857143,1.4,1.5,1.166666667,0.142857143,0.166666667,1.2,0.166666667,0.583333333,0.5,1.916666667,1.642857143,188,0.12,0.02,0.291666667,0.3125,0.270833333,0.291666667,0.0,188,0.0,0.105263158,0.25,0.875,0.875,0.0560000017285347,0.244000002741814,0.256000012159348,29.8509998321533,29.8509998321533,19.8999996185303,14.121000289917,16.8379993438721,3.8289999961853
\\mac\home\desktop\语料处理+代码\taassc_input_human_short\human_140,166,27.66666667,27.66666667,18.44444444,1.5,2.5,1.5,0.333333333,0.5,1.0,0.333333333,0.666666667,0.444444444,4.0,2.666666667,166,0.12962963,0.111111111,0.211538462,0.288461538,0.25,0.211538462,0.0384615384615,166,0.0,0.0,0.85699999332428,0.85699999332428,1.0,0.136000007390976,0.268999993801117,0.301999986171722,15.0,20.0,15.0,16.4899997711182,17.1700000762939,9.11600017547607
\\mac\home\desktop\语料处理+代码\taassc_input_human_short\human_144,210,23.33333333,21.0,14.0,1.666666667,1.9,1.5,0.333333333,0.5,1.111111111,0.5,0.8,0.533333333,3.2,2.133333333,210,0.147540984,0.0491803278689,0.264150943,0.377358491,0.264150943,0.283018868,0.0,210,0.0769230769231,0.153846154,0.428999990224838,0.428999990224838,0.428999990224838,0.0829999968409538,0.164000004529953,0.250999987125397,43.7159996032715,49.1800003051758,5.46400022506714,18.5620002746582,16.3530006408691,7.59100008010864
\\mac\home\desktop\语料处理+代码\taassc_input_human_short\human_150,199,28.42857143,28.42857143,13.26666667,2.142857143,2.285714286,2.142857143,0.466666667,1.0,1.0,0.428571429,0.857142857,0.4,4.571428571,2.133333333,199,0.0377358490566,0.0188679245283,0.25,0.384615385,0.442307692,0.326923077,0.0192307692308,199,0.0588235294118,0.235294118,1.0,1.0,1.0,0.228000000119209,0.488999992609024,0.344999998807907,7.19399976730347,0.0,0.0,0.0,20.5510005950928,11.8680000305176
\\mac\home\desktop\语料处理+代码\taassc_input_human_short\human_018,162,23.14285714,20.25,14.72727273,1.571428571,2.375,1.375,0.0909090909091,0.125,1.142857143,0.125,0.5,0.363636364,3.0,2.181818182,162,0.106382979,0.0212765957447,0.222222222,0.288888889,0.244444444,0.244444444,0.0222222222222,162,0.0555555555556,0.111111111,0.166999995708466,0.333000004291534,0.833000004291534,0.0410000011324883,0.303000003099442,0.312999993562698,34.4830017089844,28.7360000610352,28.7360000610352,0.0,19.7339992523193,0.961000025272369
\\mac\home\desktop\语料处理+代码\taassc_input_human_short\human_030,202,33.66666667,28.85714286,20.2,1.666666667,3.142857143,1.428571429,0.4,0.571428571,1.166666667,0.428571429,0.857142857,0.6,5.0,3.5,202,0.0377358490566,0.0943396226415,0.339622642,0.396226415,0.377358491,0.226415094,0.0,202,0.0833333333333,0.125,1.0,1.0,1.0,0.270999997854233,0.462999999523163,0.347000002861023,12.5790004730225,18.8680000305176,44.0250015258789,0.0,25.3090000152588,7.93400001525879
\\mac\home\desktop\语料处理+代码\taassc_input_human_short\human_024,172,28.66666667,28.66666667,21.5,1.333333333,2.333333333,1.333333333,0.25,0.333333333,1.0,0.333333333,0.833333333,0.625,5.666666667,4.25,172,0.0434782608696,0.0434782608696,0.326086957,0.52173913,0.347826087,0.152173913,0.0217391304348,172,0.0,0.0,0.570999979972839,0.71399998664856,0.71399998664856,0.133000001311302,0.275999993085861,0.27700001001358,7.57600021362305,15.1520004272461,15.1520004272461,29.1779995,13.2889995574951,11.8030004501343
\\mac\home\desktop\语料处理+代码\taassc_input_human_short\human_025,145,29.0,29.0,11.15384615,2.6,3.6,2.6,0.461538462,1.2,1.0,1.0,0.6,0.230769231,5.8,2.230769231,145,0.0227272727273,0.0227272727273,0.23255814,0.348837209,0.441860465,0.186046512,0.0232558139535,145,0.0,0.2,1.0,1.0,1.0,0.174999997019768,0.300999999046326,0.256000012159348,36.1450004577637,48.193000793457,12.0480003356934,7.48999977111816,20.4619998931885,12.9079999923706
\\mac\home\desktop\语料处理+代码\taassc_input_human_short\human_031,180,30.0,30.0,20.0,1.5,2.166666667,1.5,0.444444444,0.666666667,1.0,0.333333333,1.666666667,1.111111111,4.666666667,3.111111111,180,0.130434783,0.0652173913043,0.11627907,0.395348837,0.23255814,0.348837209,0.0,180,0.0625,0.1875,1.0,1.0,1.0,0.291000008583069,0.600000023841858,0.363000005483627,7.14300012588501,7.14300012588501,14.28600025,14.8000001907349,19.8899993896484,11.7229995727539
\\mac\home\desktop\语料处理+代码\taassc_input_human_short\human_019,202,22.44444444,18.36363636,13.46666667,1.666666667,2.181818182,1.363636364,0.333333333,0.454545455,1.222222222,0.454545455,0.0909090909091,0.0666666666667,3.090909091,2.266666667,202,0.015873016,0.047619048,0.344262295,0.245901639,0.360655738,0.131147541,0.016393443,202,0.0384615384615,0.0,1.0,1.0,1.0,0.226999998092651,0.38400000333786,0.319999992847443,16.5750007629395,11.0500001907349,0.0,14.1820001602173,17.7049999237061,12.4099998474121
\\mac\home\desktop\语料处理+代码\taassc_input_human_short\human_145,193,21.44444444,21.44444444,16.08333333,1.333333333,1.888888889,1.333333333,0.25,0.333333333,1.0,0.222222222,1.444444444,1.083333333,3.222222222,2.416666667,193,0.0322580645161,0.0322580645161,0.137931034,0.25862069,0.25862069,0.137931034,0.0,193,0.0,0.157894737,0.5,0.5,0.75,0.13400000333786,0.23199999332428,0.228000000119209,20.2019996643066,30.3029995,10.1009998321533,8.14700031280518,17.0419998168945,8.81400012969971
\\mac\home\desktop\语料处理+代码\taassc_input_human_short\human_147,180,25.71428571,20.0,15.0,1.714285714,2.0,1.333333333,0.25,0.333333333,1.285714286,0.333333333,1.111111111,0.833333333,2.555555556,1.916666667,180,0.0,0.0,0.270833333,0.458333333,0.354166667,0.208333333,0.0,180,0.111111111,0.111111111,0.75,0.875,0.875,0.108000002801418,0.342999994754791,0.316000014543533,24.7520008087158,4.94999980926514,0.0,26.6140003204346,15.1230001449585,6.70699977874756
\\mac\home\desktop\语料处理+代码\taassc_input_human_short\human_027,181,30.16666667,30.16666667,15.08333333,2.0,3.833333333,2.0,0.416666667,0.833333333,1.0,0.666666667,1.5,0.75,4.166666667,2.083333333,181,0.0,0.101694915,0.345454545,0.218181818,0.290909091,0.181818182,0.0181818181818,181,0.1,0.1,1.0,1.0,1.0,0.103000000119209,0.389999985694885,0.303000003099442,10.6949996948242,5.34800004959106,48.1279983520508,3.31200003623962,22.0890007019043,0.91100001335144
\\mac\home\desktop\语料处理+代码\taassc_input_human_short\human_033,188,26.85714286,20.88888889,11.75,2.285714286,2.333333333,1.777777778,0.375,0.666666667,1.285714286,0.444444444,0.444444444,0.25,4.0,2.25,188,0.0862068965517,0.0,0.267857143,0.410714286,0.303571429,0.142857143,0.0178571428571,188,0.0909090909091,0.136363636,1.0,1.0,1.0,0.331999987363815,0.488000005483627,0.337000012397766,52.6319999694824,29.2399997711182,0.0,9.85900020599365,20.3799991607666,18.6490001678467
\\mac\home\desktop\语料处理+代码\taassc_input_human_short\human_032,198,28.28571429,28.28571429,18.0,1.571428571,2.428571429,1.571428571,0.363636364,0.571428571,1.0,0.571428571,0.714285714,0.454545455,5.0,3.181818182,198,0.0508474576271,0.0508474576271,0.172413793,0.413793103,0.327586207,0.172413793,0.0172413793103,198,0.0526315789474,0.0,0.625,0.625,0.875,0.114000000059605,0.342999994754791,0.326999992132187,29.4120006561279,23.5289993286133,23.5289993286133,7.54899978637695,16.8990001678467,7.37599992752075
\\mac\home\desktop\语料处理+代码\taassc_input_human_short\human_026,198,22.0,22.0,15.23076923,1.444444444,2.111111111,1.444444444,0.307692308,0.444444444,1.0,0.444444444,0.444444444,0.307692308,3.888888889,2.692307692,198,0.037037037,0.037037037,0.245283019,0.452830189,0.339622642,0.396226415,0.0,198,0.0,0.136363636,0.75,0.75,0.75,0.108999997377396,0.177000001072884,0.172000005841255,13.0719995498657,13.0719995498657,13.0719995498657,16.5590000152588,18.5520000457764,7.2979998588562
\\mac\home\desktop\语料处理+代码\taassc_input_human_short\human_146,173,21.625,24.71428571,14.41666667,1.5,2.714285714,1.714285714,0.416666667,0.714285714,0.875,0.428571429,0.714285714,0.416666667,3.428571429,2.0,173,0.0384615384615,0.0769230769231,0.48,0.24,0.34,0.28,0.04,173,0.0,0.0,0.5,0.5,0.5,0.0850000008940697,0.256000012159348,0.270000010728836,24.7520008087158,24.7520008087158,9.90100002288818,22.1350002288818,17.3409996032715,9.17500019073486
\\mac\home\desktop\语料处理+代码\taassc_input_human_short\human_003,198,39.6,33.0,11.64705882,3.4,4.166666667,2.833333333,0.647058824,1.833333333,1.2,1.0,0.666666667,0.235294118,4.666666667,1.647058824,198,0.0350877192982,0.122807018,0.192982456,0.315789474,0.175438596,0.228070175,0.0526315789474,198,0.0322580645161,0.129032258,0.833000004291534,0.833000004291534,0.833000004291534,0.159999996423721,0.416000008583069,0.324000000953674,21.9780006408691,32.9669990539551,21.9780006408691,11.6680002212524,18.0909996032715,6.83699989318848
\\mac\home\desktop\语料处理+代码\taassc_input_human_short\human_017,180,36.0,36.0,18.0,2.0,2.8,2.0,0.6,1.2,1.0,1.0,1.2,0.6,5.0,2.5,180,0.0625,0.0625,0.195652174,0.347826087,0.195652174,0.217391304,0.0869565217391,180,0.0,0.0526315789474,0.400000005960464,0.600000023841858,0.400000005960464,0.0570000000298023,0.133000001311302,0.187000006437302,47.1699981689453,37.7360000610352,9.43400001525879,16.488000869751,15.3489999771118,7.63600015640259
\\mac\home\desktop\语料处理+代码\taassc_input_human_short\human_016,172,34.4,28.66666667,21.5,1.6,2.0,1.333333333,0.25,0.333333333,1.2,0.333333333,0.833333333,0.625,4.166666667,3.125,172,0.0,0.046511628,0.534883721,0.325581395,0.441860465,0.395348837,0.0232558139535,172,0.0625,0.0,0.400000005960464,0.600000023841858,0.400000005960464,0.104999996721745,0.156000003218651,0.218999996781349,29.5860004425049,17.7509994506836,0.0,9.55300045013428,18.923999786377,4.88199996948242
\\mac\home\desktop\语料处理+代码\taassc_input_human_short\human_002,167,27.83333333,27.83333333,15.18181818,1.833333333,2.666666667,1.833333333,0.454545455,0.833333333,1.0,0.5,0.666666667,0.363636364,5.166666667,2.818181818,167,0.0377358490566,0.0754716981132,0.34,0.4,0.42,0.18,0.04,167,0.0,0.111111111,0.333000004291534,0.333000004291534,0.666999995708466,0.028999999165535,0.261999994516373,0.24600000679493,42.3730010986328,33.8979988098145,16.9489994049072,6.25400018692017,19.7159996032715,2.92899990081787
\\mac\home\desktop\语料处理+代码\taassc_input_human_short\human_148,146,24.33333333,24.33333333,12.16666667,2.0,2.5,2.0,0.5,1.0,1.0,0.666666667,1.166666667,0.583333333,3.833333333,1.916666667,146,0.0833333333333,0.0208333333333,0.173913043,0.434782609,0.152173913,0.130434783,0.0652173913043,146,0.05,0.15,0.375,0.375,0.5,0.0710000023245811,0.277999997138977,0.303999990224838,33.0190010070801,23.5849990844727,18.8680000305176,9.32600021362305,17.8099994659424,7.60799980163574
\\mac\home\desktop\语料处理+代码\taassc_input_human_short\human_014,178,19.77777778,22.25,17.8,1.111111111,1.5,1.25,0.2,0.25,0.888888889,0.25,0.75,0.6,3.875,3.1,178,0.0,0.0425531914894,0.29787234,0.531914894,0.29787234,0.234042553,0.0425531914894,178,0.0,0.0625,0.5,0.666999995708466,0.833000004291534,0.0860000029206276,0.277999997138977,0.273000001907349,11.4940004348755,17.2409992218018,11.4940004348755,25.5179996490479,15.875,1.54799997806549
\\mac\home\desktop\语料处理+代码\taassc_input_human_short\human_028,199,24.875,24.875,14.21428571,1.75,2.625,1.75,0.428571429,0.75,1.0,0.625,0.75,0.428571429,3.75,2.142857143,199,0.0166666666667,0.0166666666667,0.310344828,0.517241379,0.327586207,0.155172414,0.0344827586207,199,0.0833333333333,0.208333333,0.600000023841858,0.600000023841858,1.0,0.129999995231628,0.485000014305115,0.375,42.1689987182617,42.1689987182617,6.02400016784668,0.0,21.0069999694824,4.71700000762939
\\mac\home\desktop\语料处理+代码\taassc_input_human_short\human_029,171,21.375,19.0,12.21428571,1.75,2.222222222,1.555555556,0.285714286,0.444444444,1.125,0.333333333,0.666666667,0.428571429,2.555555556,1.642857143,171,0.0612244897959,0.0408163265306,0.276595745,0.340425532,0.234042553,0.234042553,0.0425531914894,171,0.0,0.1,1.0,1.0,1.0,0.0839999988675117,0.282000005245209,0.250999987125397,16.7600002288818,27.9330005645752,11.1730003356934,8.79300022125244,19.4440002441406,4.08099985122681
\\mac\home\desktop\语料处理+代码\taassc_input_human_short\human_001,196,24.5,21.77777778,13.06666667,1.875,2.111111111,1.666666667,0.4,0.666666667,1.125,0.444444444,1.0,0.6,3.555555556,2.133333333,196,0.0877192982456,0.0350877192982,0.274509804,0.37254902,0.333333333,0.156862745,0.0,196,0.0769230769231,0.115384615,0.833000004291534,0.833000004291534,0.833000004291534,0.115000002086163,0.342000007629395,0.324999988079071,5.9520001411438,0.0,11.9049997329712,16.3209991455078,16.9449996948242,5.50400018692017
\\mac\home\desktop\语料处理+代码\taassc_input_human_short\human_015,200,28.57142857,28.57142857,22.22222222,1.285714286,2.285714286,1.285714286,0.222222222,0.285714286,1.0,0.285714286,1.0,0.777777778,5.0,3.888888889,200,0.0169491525424,0.0338983050847,0.315789474,0.421052632,0.403508772,0.245614035,0.0175438596491,200,0.105263158,0.0,0.200000002980232,0.400000005960464,0.600000023841858,0.0099999997764825,0.155000001192093,0.225999996066093,31.4470005,44.0250015258789,50.3139991760254,32.056999206543,15.371000289917,1.92700004577637
\\mac\home\desktop\语料处理+代码\taassc_input_human_short\human_149,191,23.875,23.875,21.22222222,1.125,1.625,1.125,0.111111111,0.125,1.0,0.125,1.125,1.0,4.0,3.555555556,191,0.107142857,0.0357142857143,0.277777778,0.351851852,0.333333333,0.166666667,0.0,191,0.111111111,0.0,0.75,0.75,0.75,0.128999993205071,0.377000004053116,0.263999998569489,36.5849990844727,24.3899993896484,42.6829986572266,45.6279983520508,15.043999671936,14.2229995727539
\\mac\home\desktop\语料处理+代码\taassc_input_human_short\human_039,137,27.4,34.25,19.57142857,1.4,2.5,1.75,0.428571429,0.75,0.8,0.5,1.5,0.857142857,5.25,3.0,137,0.0909090909091,0.121212121,0.333333333,0.266666667,0.3,0.233333333,0.0666666666667,137,0.0,0.0,0.833000004291534,0.833000004291534,1.0,0.172000005841255,0.368000000715256,0.333000004291534,16.9489994049072,33.8979988098145,22.5990009307861,16.7070007324219,17.2110004425049,8.40900039672852
\\mac\home\desktop\语料处理+代码\taassc_input_human_short\human_011,194,27.71428571,24.25,12.93333333,2.142857143,3.25,1.875,0.533333333,1.0,1.142857143,0.625,0.5,0.266666667,3.375,1.8,194,0.0408163265306,0.0204081632653,0.347826087,0.326086957,0.108695652,0.282608696,0.0217391304348,194,0.103448276,0.172413793,1.0,1.0,1.0,0.28600001335144,0.537000000476837,0.199000000953674,0.0,18.6919994354248,9.3459997177124,0.0,29.2049999237061,10.9230003356934
\\mac\home\desktop\语料处理+代码\taassc_input_human_short\human_005,177,22.125,22.125,13.61538462,1.625,2.25,1.625,0.307692308,0.5,1.0,0.5,0.75,0.461538462,3.125,1.923076923,177,0.0227272727273,0.0227272727273,0.428571429,0.523809524,0.214285714,0.285714286,0.0238095238095,177,0.0526315789474,0.157894737,0.200000002980232,0.200000002980232,1.0,0.0970000028610229,0.221000000834465,0.222000002861023,23.2560005187988,17.4419994354248,0.0,0.0,21.3139991760254,3.24799990653992
\\mac\home\desktop\语料处理+代码\taassc_input_human_short\human_004,202,33.66666667,33.66666667,28.85714286,1.166666667,1.833333333,1.166666667,0.142857143,0.166666667,1.0,0.166666667,1.5,1.285714286,5.166666667,4.428571429,202,0.172413793,0.103448276,0.189655172,0.465517241,0.362068966,0.137931034,0.0,202,0.0,0.05,0.800000011920929,1.0,1.0,0.164000004529953,0.352999985218048,0.275000005960464,21.8579998016357,5.46400022506714,5.46400022506714,10.3999996185303,19.3859996795654,4.51200008392334
\\mac\home\desktop\语料处理+代码\taassc_input_human_short\human_010,168,24.0,24.0,16.8,1.428571429,2.142857143,1.428571429,0.3,0.428571429,1.0,0.428571429,0.714285714,0.5,4.0,2.8,168,0.02,0.04,0.204081633,0.346938776,0.367346939,0.183673469,0.0204081632653,168,0.0714285714286,0.0714285714286,0.400000005960464,0.400000005960464,0.400000005960464,0.0570000000298023,0.146999999880791,0.24600000679493,49.5870018005371,66.1159973144531,0.0,26.9790000915527,14.5059995651245,8.73299980163574
\\mac\home\desktop\语料处理+代码\taassc_input_human_short\human_038,200,22.22222222,22.22222222,14.28571429,1.555555556,2.0,1.555555556,0.357142857,0.555555556,1.0,0.444444444,1.888888889,1.214285714,3.777777778,2.428571429,200,0.0196078431373,0.0392156862745,0.137254902,0.549019608,0.215686275,0.176470588,0.0392156862745,200,0.0,0.0869565217391,1.0,1.0,1.0,0.167999997735024,0.310999989509583,0.282999992370605,48.7799987792969,12.1949996948242,12.1949996948242,27.9120006561279,16.1560001373291,9.13500022888184
\\mac\home\desktop\语料处理+代码\taassc_input_human_short\human_006,197,49.25,49.25,21.88888889,2.25,5.25,2.25,0.555555556,1.25,1.0,0.75,2.25,1.0,7.5,3.333333333,197,0.078125,0.0625,0.21875,0.203125,0.25,0.25,0.015625,197,0.0322580645161,0.193548387,0.333000004291534,0.333000004291534,0.666999995708466,0.0740000009536743,0.289000004529953,0.298000007867813,10.9890003204346,10.9890003204346,16.4839992523193,9.38399982452393,18.4099998474121,0.984000027179718
\\mac\home\desktop\语料处理+代码\taassc_input_human_short\human_012,195,32.5,32.5,13.0,2.5,5.166666667,2.5,0.333333333,0.833333333,1.0,0.5,1.666666667,0.666666667,4.166666667,1.666666667,195,0.046875,0.25,0.142857143,0.19047619,0.158730159,0.0793650793651,0.0,195,0.027027027,0.0540540540541,1.0,1.0,1.0,0.233999997377396,0.560999989509583,0.370999991893768,11.4289999008179,28.5709991455078,22.8570003509521,0.754999995231628,20.3999996185303,14.9300003051758
\\mac\home\desktop\语料处理+代码\taassc_input_human_short\human_013,200,25.0,20.0,16.66666667,1.5,1.9,1.2,0.25,0.3,1.25,0.3,0.4,0.333333333,3.1,2.583333333,200,0.150943396,0.0754716981132,0.431372549,0.37254902,0.254901961,0.0980392156863,0.0196078431373,200,0.0,0.0454545454545,1.0,1.0,1.0,0.101000003516674,0.305999994277954,0.270000010728836,29.0699996948242,40.6980018615723,17.4419994354248,10.2329998016357,22.5139999389648,5.85200023651123
\\mac\home\desktop\语料处理+代码\taassc_input_human_short\human_007,152,38.0,38.0,19.0,2.0,2.75,2.0,0.5,1.0,1.0,0.75,1.25,0.625,5.75,2.875,152,0.0,0.0,0.184210526,0.421052632,0.315789474,0.210526316,0.0526315789474,152,0.0,0.0,0.333000004291534,0.333000004291534,0.666999995708466,0.0740000009536743,0.289000004529953,0.298000007867813,10.9890003204346,10.9890003204346,16.4839992523193,9.38399982452393,18.4099998474121,0.984000027179718
\\mac\home\desktop\语料处理+代码\taassc_input_human_short\human_114,239,29.875,29.875,21.72727273,1.375,3.0,1.375,0.363636364,0.5,1.0,0.375,1.125,0.818181818,4.375,3.181818182,239,0.025974026,0.038961039,0.25,0.197368421,0.407894737,0.289473684,0.0131578947368,239,0.0333333333333,0.0333333333333,0.800000011920929,1.0,1.0,0.157000005245209,0.497000008821487,0.36599999666214,10.3629999160767,10.3629999160767,5.18100023269653,3.63199996948242,20.7439994812012,0.736999988555908
\\mac\home\desktop\语料处理+代码\taassc_input_human_short\human_100,169,21.125,21.125,16.9,1.25,2.125,1.25,0.3,0.375,1.0,0.25,1.375,1.1,2.5,2.0,169,0.0192307692308,0.0,0.196078431,0.333333333,0.294117647,0.294117647,0.0196078431373,169,0.0,0.0588235294118,1.0,1.0,1.0,0.223000004887581,0.448000013828278,0.342999994754791,30.3029995,25.2530002593994,0.0,0.0,22.1900005340576,11.9969997406006
\\mac\home\desktop\语料处理+代码\taassc_input_human_short\human_128,206,29.42857143,25.75,18.72727273,1.571428571,2.75,1.375,0.272727273,0.375,1.142857143,0.375,0.75,0.545454545,5.25,3.818181818,206,0.0727272727273,0.109090909,0.245283019,0.566037736,0.264150943,0.301886792,0.0188679245283,206,0.0,0.103448276,0.71399998664856,0.71399998664856,0.71399998664856,0.165000006556511,0.310999989509583,0.287000000476837,34.681999206543,40.4620018005371,17.3409996032715,18.1389999389648,16.1019992828369,11.7869997024536
\\mac\home\desktop\语料处理+代码\taassc_input_human_short\human_060,184,36.8,36.8,18.4,2.0,3.8,2.0,0.5,1.0,1.0,0.4,1.2,0.6,5.0,2.5,184,0.0909090909091,0.0545454545455,0.20754717,0.41509434,0.226415094,0.113207547,0.0566037735849,184,0.0416666666667,0.0416666666667,1.0,1.0,1.0,0.162000000476837,0.467000007629395,0.32600000500679,10.0500001907349,5.02500009536743,0.0,6.20599985122681,22.2810001373291,5.40100002288818
\\mac\home\desktop\语料处理+代码\taassc_input_human_short\human_074,127,25.4,25.4,15.875,1.6,2.8,1.6,0.375,0.6,1.0,0.4,0.8,0.5,4.8,3.0,127,0.05,0.075,0.2,0.4,0.45,0.05,0.0,127,0.0769230769231,0.153846154,0.600000023841858,0.600000023841858,0.800000011920929,0.109999999403954,0.331999987363815,0.303000003099442,25.3810005187988,20.3050003051758,10.1520004272461,1.26400005817413,21.2399997711182,5.60699987411499
\\mac\home\desktop\语料处理+代码\taassc_input_human_short\human_048,187,31.16666667,31.16666667,13.35714286,2.333333333,4.0,2.333333333,0.571428571,1.333333333,1.0,0.833333333,0.5,0.214285714,3.666666667,1.571428571,187,0.12,0.06,0.255319149,0.319148936,0.14893617,0.340425532,0.0425531914894,187,0.0384615384615,0.115384615,0.570999979972839,0.85699999332428,0.85699999332428,0.11599999666214,0.259999990463257,0.28600001335144,42.7809982299805,26.738000869751,0.0,17.5470008850098,16.6189994812012,8.52700042724609
\\mac\home\desktop\语料处理+代码\taassc_input_human_short\human_049,168,28.0,24.0,16.8,1.666666667,2.285714286,1.428571429,0.4,0.571428571,1.166666667,0.428571429,0.428571429,0.3,4.428571429,3.1,168,0.04,0.12,0.222222222,0.444444444,0.4,0.177777778,0.0222222222222,168,0.0,0.176470588,0.800000011920929,1.0,1.0,0.202000007033348,0.31700000166893,0.273999989032745,11.4289999008179,51.4290008544922,5.71400022506714,7.52299976348877,19.4559993743896,7.72499990463257
\\mac\home\desktop\语料处理+代码\taassc_input_human_short\human_075,188,31.33333333,31.33333333,12.53333333,2.5,3.333333333,2.5,0.466666667,1.166666667,1.0,0.666666667,1.666666667,0.666666667,5.833333333,2.333333333,188,0.0175438596491,0.0526315789474,0.175438596,0.456140351,0.368421053,0.192982456,0.0175438596491,188,0.0,0.0833333333333,0.800000011920929,0.800000011920929,0.800000011920929,0.10700000077486,0.360000014305115,0.305000007152557,5.81400012969971,29.0699996948242,29.0699996948242,12.0069999694824,18.7059993743896,6.43599987030029
\\mac\home\desktop\语料处理+代码\taassc_input_human_short\human_061,195,39.0,39.0,27.85714286,1.4,4.4,1.4,0.285714286,0.4,1.0,0.4,2.2,1.571428571,3.6,2.571428571,195,0.05,0.05,0.216666667,0.183333333,0.283333333,0.283333333,0.0333333333333,195,0.037037037,0.0,0.600000023841858,0.600000023841858,0.600000023841858,0.141000002622604,0.481000006198883,0.372000008821487,11.1730003356934,39.1059989929199,27.9330005645752,14.8839998245239,18.5949993133545,3.07599997520447
\\mac\home\desktop\语料处理+代码\taassc_input_human_short\human_129,186,26.57142857,26.57142857,15.5,1.714285714,2.571428571,1.714285714,0.5,0.857142857,1.0,0.428571429,1.571428571,0.916666667,3.428571429,2.0,186,0.0923076923077,0.0153846153846,0.1875,0.21875,0.34375,0.109375,0.0625,186,0.0952380952381,0.047619048,1.0,1.0,1.0,0.19200000166893,0.433999985456467,0.361999988555908,15.0,20.0,30.0,10.9910001754761,17.9370002746582,11.5319995880127
\\mac\home\desktop\语料处理+代码\taassc_input_human_short\human_101,204,25.5,18.54545455,11.33333333,2.25,1.909090909,1.636363636,0.388888889,0.636363636,1.375,0.636363636,0.636363636,0.388888889,2.727272727,1.666666667,204,0.0185185185185,0.0740740740741,0.377358491,0.301886792,0.264150943,0.169811321,0.0188679245283,204,0.037037037,0.111111111,0.666999995708466,0.666999995708466,0.666999995708466,0.0659999996423721,0.275000005960464,0.282000005245209,29.9400005340576,35.9280014038086,35.9280014038086,37.193000793457,13.9980001449585,10.543999671936
\\mac\home\desktop\语料处理+代码\taassc_input_human_short\human_115,203,20.3,18.45454545,11.94117647,1.7,2.454545455,1.545454545,0.352941176,0.545454545,1.1,0.454545455,0.636363636,0.411764706,2.727272727,1.764705882,203,0.0175438596491,0.0877192982456,0.285714286,0.410714286,0.178571429,0.178571429,0.0,203,0.0,0.129032258,1.0,1.0,1.0,0.303000003099442,0.532000005245209,0.36599999666214,16.2159996032715,16.2159996032715,43.2430000305176,6.0019998550415,21.6140003204346,17.1979999542236
\\mac\home\desktop\语料处理+代码\taassc_input_human_short\human_103,185,20.55555556,20.55555556,12.33333333,1.666666667,2.555555556,1.666666667,0.466666667,0.777777778,1.0,0.555555556,0.666666667,0.4,2.777777778,1.666666667,185,0.0350877192982,0.0175438596491,0.181818182,0.272727273,0.309090909,0.290909091,0.0,185,0.115384615,0.0769230769231,1.0,1.0,1.0,0.330000013113022,0.66100001335144,0.388000011444092,31.746000289917,37.0369987487793,21.1639995574951,5.75,24.1959991455078,18.5830001831055
\\mac\home\desktop\语料处理+代码\taassc_input_human_short\human_117,159,31.8,26.5,15.9,2.0,2.5,1.666666667,0.4,0.666666667,1.2,0.666666667,1.333333333,0.8,4.5,2.7,159,0.0444444444444,0.0222222222222,0.227272727,0.386363636,0.340909091,0.0909090909091,0.0,159,0.0,0.157894737,0.570999979972839,0.570999979972839,0.71399998664856,0.0820000022649765,0.229000002145767,0.28999999165535,20.0,40.0,25.0,33.8330001831055,14.7510004043579,9.58500003814697
\\mac\home\desktop\语料处理+代码\taassc_input_human_short\human_077,202,28.85714286,25.25,16.83333333,1.714285714,2.375,1.5,0.333333333,0.5,1.142857143,0.625,0.875,0.583333333,3.125,2.083333333,202,0.0441176470588,0.0441176470588,0.344262295,0.180327869,0.31147541,0.147540984,0.016393443,202,0.0454545454545,0.0909090909091,0.600000023841858,1.0,1.0,0.129999995231628,0.437999993562698,0.328999996185303,17.1429996490479,28.5709991455078,5.71400022506714,6.08500003814697,19.6569995880127,3.71000003814697
\\mac\home\desktop\语料处理+代码\taassc_input_human_short\human_063,207,29.57142857,29.57142857,17.25,1.714285714,2.571428571,1.714285714,0.416666667,0.714285714,1.0,0.571428571,1.571428571,0.916666667,4.0,2.333333333,207,0.0689655172414,0.0862068965517,0.25,0.326923077,0.288461538,0.134615385,0.0192307692308,207,0.0434782608696,0.130434783,0.875,0.875,1.0,0.184000000357628,0.358000010251999,0.331999987363815,8.47500038146973,29.6609992980957,12.7119998931885,25.3169994354248,16.242000579834,7.08599996566772
\\mac\home\desktop\语料处理+代码\taassc_input_human_short\human_088,181,25.85714286,25.85714286,22.625,1.142857143,1.857142857,1.142857143,0.25,0.285714286,1.0,0.142857143,1.428571429,1.25,3.857142857,3.375,181,0.0952380952381,0.0714285714286,0.166666667,0.476190476,0.30952381,0.333333333,0.0,181,0.0555555555556,0.0555555555556,1.0,1.0,1.0,0.189999997615814,0.398999989032745,0.301999986171722,47.0589981079102,29.4120006561279,11.7650003433228,16.576000213623,19.3939990997314,10.2360000610352
\\mac\home\desktop\语料处理+代码\taassc_input_human_short\human_089,184,26.28571429,26.28571429,20.44444444,1.285714286,1.714285714,1.285714286,0.222222222,0.285714286,1.0,0.285714286,0.714285714,0.555555556,3.857142857,3.0,184,0.0869565217391,0.108695652,0.413043478,0.347826087,0.195652174,0.217391304,0.0217391304348,184,0.0,0.136363636,1.0,1.0,1.0,0.168999999761581,0.301999986171722,0.296000003814697,29.9400005340576,11.9759998321533,0.0,20.5520000457764,17.306999206543,5.50099992752075
\\mac\home\desktop\语料处理+代码\taassc_input_human_short\human_062,142,23.66666667,23.66666667,12.90909091,1.833333333,2.333333333,1.833333333,0.454545455,0.833333333,1.0,0.5,0.333333333,0.181818182,3.5,1.909090909,142,0.12195122,0.0,0.341463415,0.317073171,0.317073171,0.146341463,0.0731707317073,142,0.0,0.2,0.85699999332428,0.85699999332428,0.85699999332428,0.150000005960464,0.441000014543533,0.395999997854233,28.0900001525879,22.4720001220703,5.61800003051758,15.9820003509521,16.5580005645752,7.61199998855591
\\mac\home\desktop\语料处理+代码\taassc_input_human_short\human_076,204,25.5,22.66666667,17.0,1.5,2.0,1.333333333,0.333333333,0.444444444,1.125,0.555555556,0.666666667,0.5,4.888888889,3.666666667,204,0.0181818181818,0.0909090909091,0.185185185,0.592592593,0.259259259,0.222222222,0.0185185185185,204,0.0,0.0833333333333,0.75,1.0,1.0,0.221000000834465,0.446999996900558,0.347000002861023,20.8330001831055,69.4440002441406,34.7220001220703,15.4250001907349,18.2630004882813,11.1459999084473
\\mac\home\desktop\语料处理+代码\taassc_input_human_short\human_116,174,29.0,29.0,19.33333333,1.5,2.666666667,1.5,0.333333333,0.5,1.0,0.333333333,1.166666667,0.777777778,4.166666667,2.777777778,174,0.1,0.02,0.326530612,0.265306122,0.306122449,0.326530612,0.0204081632653,174,0.0,0.0,0.666999995708466,0.666999995708466,0.666999995708466,0.187999993562698,0.280000001192093,0.32600000500679,16.2159996032715,21.6219997406006,10.8109998703003,13.5170001983643,17.9400005340576,9.59700012207031
\\mac\home\desktop\语料处理+代码\taassc_input_human_short\human_102,175,21.875,17.5,12.5,1.75,2.1,1.4,0.285714286,0.4,1.25,0.4,0.5,0.357142857,2.5,1.785714286,175,0.0588235294118,0.0392156862745,0.352941176,0.294117647,0.215686275,0.274509804,0.0,175,0.08,0.12,0.625,0.625,0.75,0.199000000953674,0.377999991178513,0.379000008106232,0.0,20.0,0.0,17.1949996948242,16.3819999694824,19.1229991912842
\\mac\home\desktop\语料处理+代码\taassc_input_human_short\human_106,203,25.375,25.375,22.55555556,1.125,2.125,1.125,0.222222222,0.25,1.0,0.25,0.75,0.666666667,4.375,3.888888889,203,0.114754098,0.0327868852459,0.426229508,0.360655738,0.31147541,0.37704918,0.016393443,203,0.0,0.1,1.0,1.0,1.0,0.277999997138977,0.508000016212463,0.305999994277954,34.2470016479492,20.5480003356934,0.0,0.0,23.2129993438721,14.1750001907349
\\mac\home\desktop\语料处理+代码\taassc_input_human_short\human_112,179,19.88888889,19.88888889,13.76923077,1.444444444,1.777777778,1.444444444,0.307692308,0.444444444,1.0,0.444444444,0.555555556,0.384615385,2.888888889,2.0,179,0.0408163265306,0.0408163265306,0.319148936,0.425531915,0.234042553,0.276595745,0.0212765957447,179,0.0,0.111111111,0.800000011920929,0.800000011920929,1.0,0.14300000667572,0.412999987602234,0.328999996185303,21.8579998016357,32.7869987487793,32.7869987487793,6.25500011444092,19.9640007019043,6.06500005722046
\\mac\home\desktop\语料处理+代码\taassc_input_human_short\human_072,290,26.36363636,26.36363636,14.5,1.818181818,3.0,1.818181818,0.4,0.727272727,1.0,0.545454545,0.818181818,0.45,3.272727273,1.8,290,0.0975609756098,0.0243902439024,0.263157895,0.289473684,0.342105263,0.144736842,0.0394736842105,290,0.0,0.0833333333333,0.666999995708466,0.666999995708466,0.666999995708466,0.0839999988675117,0.214000001549721,0.270000010728836,25.7730007171631,36.0820007324219,20.6189994812012,25.6639995574951,16.5650005340576,6.79899978637695
\\mac\home\desktop\语料处理+代码\taassc_input_human_short\human_066,242,22.0,22.0,16.13333333,1.363636364,2.272727273,1.363636364,0.333333333,0.454545455,1.0,0.363636364,1.0,0.733333333,3.272727273,2.4,242,0.0724637681159,0.0434782608696,0.235294118,0.264705882,0.294117647,0.264705882,0.0147058823529,242,0.0,0.25,0.833000004291534,0.833000004291534,0.833000004291534,0.184000000357628,0.428999990224838,0.372999995946884,31.4139995574951,36.648998260498,20.9419994354248,18.3150005340576,17.4829998016357,10.7829999923706
\\mac\home\desktop\语料处理+代码\taassc_input_human_short\human_099,208,20.8,20.8,16.0,1.3,1.5,1.3,0.230769231,0.3,1.0,0.3,0.8,0.615384615,2.9,2.230769231,208,0.0217391304348,0.0217391304348,0.456521739,0.652173913,0.239130435,0.282608696,0.0,208,0.0625,0.0625,0.71399998664856,0.71399998664856,0.71399998664856,0.126000002026558,0.33899998664856,0.323000013828278,5.78000020980835,11.5609998703003,5.78000020980835,13.2320003509521,16.7859992980957,8.48799991607666
\\mac\home\desktop\语料处理+代码\taassc_input_human_short\human_098,183,30.5,26.14285714,14.07692308,2.166666667,2.142857143,1.857142857,0.461538462,0.857142857,1.166666667,0.571428571,0.714285714,0.384615385,3.714285714,2.0,183,0.0212765957447,0.0212765957447,0.5,0.543478261,0.413043478,0.108695652,0.0,183,0.05,0.15,0.5,0.5,0.833000004291534,0.115000002086163,0.190999999642372,0.259999990463257,10.4169998168945,26.0419998168945,15.625,22.992000579834,16.867000579834,8.9379997253418
\\mac\home\desktop\语料处理+代码\taassc_input_human_short\human_067,202,25.25,25.25,15.53846154,1.625,2.625,1.625,0.384615385,0.625,1.0,0.5,0.875,0.538461538,3.5,2.153846154,202,0.125,0.0714285714286,0.352941176,0.333333333,0.274509804,0.117647059,0.0196078431373,202,0.0,0.16,0.625,0.75,0.625,0.155000001192093,0.308999985456467,0.307000011205673,10.7530002593994,16.128999710083,10.7530002593994,20.7189998626709,15.503999710083,8.55099964141846
\\mac\home\desktop\语料处理+代码\taassc_input_human_short\human_113,151,21.57142857,18.875,8.388888889,2.571428571,2.5,2.25,0.555555556,1.25,1.142857143,0.5,0.25,0.111111111,3.375,1.5,151,0.0512820512821,0.025641026,0.27027027,0.459459459,0.216216216,0.297297297,0.0,151,0.0,0.3,1.0,1.0,1.0,0.368000000715256,0.474000006914139,0.368999987840652,29.761999130249,41.6669998168945,23.8099994659424,33.9179992675781,15.4840002059937,28.5109996795654
\\mac\home\desktop\语料处理+代码\taassc_input_human_short\human_107,199,33.16666667,28.42857143,22.11111111,1.5,1.857142857,1.285714286,0.222222222,0.285714286,1.166666667,0.142857143,1.571428571,1.222222222,4.285714286,3.333333333,199,0.04,0.0,0.306122449,0.387755102,0.285714286,0.346938776,0.0408163265306,199,0.142857143,0.0,0.600000023841858,0.600000023841858,0.600000023841858,0.123000003397465,0.316000014543533,0.358000010251999,25.2099990844727,29.4120006561279,12.6049995422363,17.7889995574951,16.1529998779297,3.48900008201599
\\mac\home\desktop\语料处理+代码\taassc_input_human_short\human_139,208,26.0,26.0,16.0,1.625,3.25,1.625,0.538461538,0.875,1.0,0.625,1.25,0.769230769,4.0,2.461538462,208,0.0714285714286,0.0357142857143,0.163636364,0.472727273,0.145454545,0.145454545,0.0181818181818,208,0.03125,0.03125,0.5,0.833000004291534,1.0,0.188999995589256,0.372000008821487,0.324999988079071,25.1259994506836,20.1009998321533,15.0749998092651,13.4329996109009,18.4479999542236,13.1269998550415
\\mac\home\desktop\语料处理+代码\taassc_input_human_short\human_111,214,30.57142857,26.75,17.83333333,1.714285714,2.875,1.5,0.416666667,0.625,1.142857143,0.625,1.0,0.666666667,2.875,1.916666667,214,0.051724138,0.0172413793103,0.275862069,0.379310345,0.396551724,0.103448276,0.0344827586207,214,0.0,0.1,0.75,0.75,1.0,0.212999999523163,0.486999988555908,0.360000014305115,23.4379997253418,7.81300020217896,7.81300020217896,18.25,17.0739994049072,8.5319995880127
\\mac\home\desktop\语料处理+代码\taassc_input_human_short\human_105,200,25.0,25.0,18.18181818,1.375,3.0,1.375,0.272727273,0.375,1.0,0.375,0.75,0.545454545,3.625,2.636363636,200,0.0645161290323,0.0483870967742,0.25,0.283333333,0.366666667,0.25,0.0666666666667,200,0.0,0.0,0.428999990224838,0.71399998664856,0.71399998664856,0.120999999344349,0.337999999523163,0.324999988079071,20.1009998321533,30.1509990692139,20.1009998321533,26.8530006408691,15.6929998397827,6.76300001144409
\\mac\home\desktop\语料处理+代码\taassc_input_human_short\human_059,181,22.625,22.625,12.92857143,1.75,1.875,1.75,0.428571429,0.75,1.0,0.625,0.625,0.357142857,3.0,1.714285714,181,0.0,0.0434782608696,0.282608696,0.47826087,0.326086957,0.413043478,0.0217391304348,181,0.111111111,0.111111111,0.71399998664856,0.71399998664856,0.71399998664856,0.10700000077486,0.331000000238419,0.284000009298325,10.0,15.0,10.0,2.53099989891052,19.117000579834,2.45000004768372
\\mac\home\desktop\语料处理+代码\taassc_input_human_short\human_065,234,23.4,21.27272727,12.31578947,1.9,2.181818182,1.727272727,0.421052632,0.727272727,1.1,0.454545455,0.727272727,0.421052632,2.727272727,1.578947368,234,0.046875,0.015625,0.290322581,0.241935484,0.225806452,0.370967742,0.0161290322581,234,0.0,0.111111111,0.71399998664856,0.71399998664856,0.71399998664856,0.199000000953674,0.400000005960464,0.381999999284744,16.3040008544922,16.3040008544922,16.3040008544922,30.8719997406006,14.6669998168945,15.1129999160767
\\mac\home\desktop\语料处理+代码\taassc_input_human_short\human_071,168,16.8,18.66666667,14.0,1.2,1.666666667,1.333333333,0.25,0.333333333,0.9,0.222222222,0.666666667,0.5,2.777777778,2.083333333,168,0.0263157894737,0.0263157894737,0.368421053,0.368421053,0.236842105,0.342105263,0.0,168,0.05,0.15,0.875,1.0,0.875,0.156000003218651,0.314999997615814,0.323000013828278,9.90100002288818,29.7029991149902,39.6040000915527,13.585000038147,16.9400005340576,4.05000019073486
\\mac\home\desktop\语料处理+代码\taassc_input_human_short\human_070,185,23.125,23.125,16.81818182,1.375,2.375,1.375,0.181818182,0.25,1.0,0.125,1.125,0.818181818,3.875,2.818181818,185,0.0344827586207,0.0,0.206896552,0.327586207,0.310344828,0.24137931,0.0172413793103,185,0.0,0.0833333333333,1.0,1.0,1.0,0.228000000119209,0.412000000476837,0.331000000238419,18.4050006866455,12.2700004577637,0.0,4.90000009536743,19.3250007629395,12.3970003128052
\\mac\home\desktop\语料处理+代码\taassc_input_human_short\human_064,103,20.6,20.6,14.71428571,1.4,1.8,1.4,0.285714286,0.4,1.0,0.4,0.4,0.285714286,3.0,2.142857143,103,0.0526315789474,0.105263158,0.315789474,0.368421053,0.157894737,0.473684211,0.0526315789474,103,0.1,0.0,0.833000004291534,1.0,0.833000004291534,0.104999996721745,0.377999991178513,0.31700000166893,38.8349990844727,29.1259994506836,19.4169998168945,28.7450008392334,16.5610008239746,9.65999984741211
\\mac\home\desktop\语料处理+代码\taassc_input_human_short\human_058,208,29.71428571,26.0,13.86666667,2.142857143,3.0,1.875,0.4,0.75,1.142857143,0.5,0.5,0.266666667,4.125,2.2,208,0.0925925925926,0.037037037,0.32,0.32,0.36,0.22,0.0,208,0.04,0.32,0.570999979972839,0.570999979972839,0.570999979972839,0.104999996721745,0.219999998807907,0.282999992370605,65.0,35.0,25.0,32.9869995117188,14.8690004348755,7.37400007247925
\\mac\home\desktop\语料处理+代码\taassc_input_human_short\human_104,204,25.5,25.5,17.0,1.5,2.25,1.5,0.25,0.375,1.0,0.375,1.125,0.75,3.75,2.5,204,0.04,0.06,0.333333333,0.4375,0.3125,0.333333333,0.0208333333333,204,0.0,0.0833333333333,1.0,1.0,1.0,0.33500000834465,0.589999973773956,0.423000007867813,10.4709997177124,20.9419994354248,10.4709997177124,3.97099995613098,20.6140003204346,16.386999130249
\\mac\home\desktop\语料处理+代码\taassc_input_human_short\human_110,215,23.88888889,19.54545455,16.53846154,1.444444444,1.545454545,1.181818182,0.153846154,0.181818182,1.222222222,0.272727273,1.0,0.846153846,2.545454545,2.153846154,215,0.03125,0.0,0.213114754,0.360655738,0.360655738,0.31147541,0.016393443,215,0.0526315789474,0.0,1.0,1.0,1.0,0.148000001907349,0.38400000333786,0.298000007867813,27.4729995727539,27.4729995727539,27.4729995727539,6.69600009918213,21.3680000305176,5.60099983215332
\\mac\home\desktop\语料处理+代码\taassc_input_human_short\human_138,167,27.83333333,23.85714286,12.84615385,2.166666667,2.142857143,1.857142857,0.230769231,0.428571429,1.166666667,0.428571429,0.285714286,0.153846154,3.0,1.615384615,167,0.0232558139535,0.0,0.575,0.375,0.3,0.275,0.0,167,0.0666666666667,0.133333333,0.85699999332428,1.0,1.0,0.109999999403954,0.395999997854233,0.370999991893768,35.0,40.0,10.0,2.10800004005432,19.1760005950928,5.69700002670288
\\mac\home\desktop\test1\human_073_1,140,28.0,28.0,15.55555556,1.8,2.4,1.8,0.111111111,0.2,1.0,0.2,1.0,0.555555556,4.2,2.333333333,140,0.0645161290323,0.0322580645161,0.290322581,0.483870968,0.258064516,0.516129032,0.0,140,0.0,0.25,0.125,0.25,0.187999993562698,0.0320000015199184,0.119000002741814,0.252999991178513,6.21099996566772,12.4219999313354,0.0,47.4799995422363,8.98999977111816,7.27199983596802
